id,username,name,age,gender,phone_number,chat_history,last_persona
1,anhnt,Tuan Anh,28,Male,13103370,,
3,SC001,,38,Female,27043984,,
4,SC002,Wei Ming,48,Male,12537140,,
5,SC003,Ritha,44,Female,45550535,,
6,SC004,Wei Jie,43,Female,62493010,,
7,SC005,Addy Huzaifah,60,Male,93770494,,
8,SC006,Jess,54,Female,86249909,,
9,SC007,,24,Male,79077075,,
10,SC008,,50,Female,77587271,,
11,SC009,Dilton Yong,38,Male,93233923,,
12,SC010,Chong Han,66,Female,71467433,,
13,SC011,,35,Female,64036274,,
14,SC012,,30,Male,19606669,,
15,SC013,,39,Female,51418836,,
17,SC015,Russell,25,Male,71710086,,
18,SC016,Audrey,67,Female,49523325,,
19,SC017,Wilson,46,Male,67199035,,
20,SC018,Hisham,43,Female,76919905,,
21,SC019,,42,Male,53262067,,
22,SC020,,28,Female,86232160,,
23,SC021,HY Koh,61,Male,85808683,,
24,SC022,Rita,62,Female,98916610,,
25,SC023,Kalpana,69,Male,27554065,,
26,SC024,,66,Female,81820949,,
27,SC025,,37,Male,83454395,,
28,SC026,,42,Female,76327204,,
29,SC027,,67,Female,40261647,,
30,SC028,,58,Male,16785992,,
31,SC029,,33,Male,21413695,,
32,SC030,Raven,39,Female,94891203,,
33,SC031,,48,Male,31305620,,
34,SC032,kalaiselvam ,63,Female,87656560,,
35,SC033,Shao Qian Huai,35,Male,11867957,,
36,SC034,,32,Female,91914722,,
37,SC035,,54,Male,29343400,,
38,SC036,David Goh,60,Female,20083729,,
39,SC037,,42,Male,82656906,,
40,SC038,,57,Female,85017164,,
41,SC039,Mei,48,Male,51480951,,
42,SC040,HQ,58,Female,59542100,,
43,SC041,,41,Male,80363697,,
44,SC042,,64,Male,54269575,,
45,SC043,,61,Female,72528502,,
46,SC044,norman,29,Female,44167741,,
47,SC045,Jeriel Tang,32,Male,40436823,,
48,SC046,,57,Female,78729100,,
49,SC047,,59,Male,50932878,,
50,SC048,,46,Female,56462614,,
51,SC049,Zhi Hao ,24,Male,85355558,,
52,SC050,,66,Male,38229226,,
53,SC051,,42,Female,32425586,,
54,SC052,,67,Female,89148082,,
55,SC053,,54,Male,73873653,,
56,SC054,,27,Female,48392186,,
57,SC055,Chris,52,Male,89586514,,
58,SC056,Edwin,61,Female,30733646,,
59,SC057,chin,33,Male,69444179,,
60,SC058,,38,Female,69307395,,
61,SC059,Joshua,45,Male,32157825,,
62,SC060,,21,Female,58085332,,
63,SC061,Deborah,38,Male,88018667,,
64,SC062,,67,Male,98460809,,
65,SC063,,44,Male,13660440,,
66,SC064,,24,Female,27347984,,
67,SC065,,70,Female,51938466,,
68,SC066,,64,Male,34091404,,
69,SC067,Kimi,57,Female,18684379,,
70,SC068,,41,Male,19777562,,
71,SC069,,24,Female,62356194,,
72,SC070,,41,Male,98443089,,
73,SC071,,23,Male,85364222,,
74,SC072,Melvin ,56,Female,60969281,,
75,SC073,,70,Female,59764406,,
76,SC074,marc,39,Male,91060765,,
77,SC075,,63,Female,94853922,,
78,SC076,chen junjin,40,Male,48578866,,
79,SC077,,32,Female,87262505,,
80,SC078,,41,Male,19982523,,
81,SC079,,34,Female,51990497,,
82,SC080,Rahman,56,Male,97122709,,
83,SC081,,25,Male,53625784,,
84,SC082,,44,Male,93307797,,
85,SC083,,43,Female,24867299,,
86,SC084,,32,Female,41815934,,
87,SC085,Jiaying,68,Male,69763273,,
88,SC086,,56,Female,70878523,,
89,SC087,,29,Male,76553978,,
90,SC088,mari,38,Female,33018618,,
91,SC089,,50,Male,36940308,,
92,SC090,,61,Male,12507390,,
93,SC091,,34,Female,84385254,,
94,SC092,Timothy,22,Female,32109195,,
95,SC093,,56,Male,78373419,,
96,SC094,,55,Female,46312926,,
97,SC095,,39,Male,87128098,,
98,SC096,Yongyu,30,Female,54533594,,
99,SC097,,47,Male,75750078,,
100,SC098,Angel,28,Female,97848152,,
101,SC099,,45,Male,29051119,,
102,SC100,Jaron,38,Male,61452254,,
103,SC101,Tristan ,45,Male,44877432,,
104,SC102,,69,Female,31086481,,
105,SC103,,27,Female,70363382,,
106,SC104,,65,Male,98295567,,
107,SC105,,35,Female,43110216,,
108,SC106,,49,Male,79944296,,
109,SC107,,20,Female,34461135,,
110,SC108,,66,Male,86969164,,
111,SC109,Shi Qi,59,Male,23120769,,
112,SC110,fel,24,Female,17221309,,
113,SC111,,58,Female,23426972,,
114,SC112,Marcus ,67,Male,71158545,,
115,SC113,,34,Female,29435386,,
116,SC114,,35,Male,64665212,,
117,SC115,,69,Female,54855723,,
118,SC116,,28,Male,63396140,,
119,SC117,Amily,63,Female,93892912,,
120,SC118,,59,Male,15416878,,
121,SC119,,66,Male,41737710,,
122,SC120,,54,Male,95578119,,
123,SC121,,42,Female,77656214,,
124,SC122,,40,Female,24420238,,
125,SC123,,46,Male,67852462,,
126,SC124,,45,Female,81585746,,
127,SC125,,66,Male,54085404,,
128,SC126,,51,Female,81593503,,
129,SC127,,67,Male,75437215,,
130,SC128,,55,Male,19177530,,
131,SC129,,68,Female,64792971,,
132,SC130,,47,Female,56314961,,
133,SC131,,20,Male,58779701,,
134,SC132,,33,Female,69918869,,
135,SC133,,47,Male,38592640,,
136,SC134,,21,Female,69288103,,
137,SC135,,29,Male,21130442,,
138,SC136,,48,Female,92102655,,
139,SC137,,63,Male,87070204,,
140,SC138,,64,Male,16573696,,
141,SC139,,38,Male,49461969,,
142,SC140,,58,Female,97767568,,
143,SC141,,35,Female,16858693,,
144,SC142,,40,Male,46405565,,
145,SC143,,43,Female,12024023,,
146,SC144,,35,Male,47012458,,
147,SC145,,48,Female,73843682,,
148,SC146,,40,Male,64886407,,
149,SC147,,47,Male,69003409,,
150,SC148,,61,Female,77574884,,
151,SC149,,50,Female,60275421,,
152,SC150,,24,Male,46755008,,
153,SC151,,35,Female,26205427,,
154,SC152,,66,Male,26158955,,
155,SC153,,23,Female,65383962,,
156,SC154,,35,Male,98776752,,
157,SC155,,47,Female,11543517,,
158,SC156,,63,Male,64023898,,
159,SC157,,26,Male,51491862,,
160,SC158,,61,Female,96172588,,
161,SC159,,56,Male,60254119,,
162,SC160,,55,Female,20175360,,
163,SC161,,31,Male,58522144,,
164,SC162,,55,Male,40138815,,
165,SC163,,56,Female,90401694,,
166,SC164,,31,Female,53249066,,
167,SC165,,44,Male,89720198,,
168,SC166,,56,Female,75694523,,
169,SC167,,69,Male,29341932,,
170,SC168,,20,Female,33549981,,
171,SC169,,43,Male,85870024,,
172,SC170,,45,Female,25240733,,
173,SC171,,32,Male,27792113,,
174,SC172,,63,Male,69143076,,
175,SC173,,39,Male,17107057,,
176,SC174,,35,Male,80185106,,
177,SC175,,41,Female,13674980,,
178,SC176,,70,Male,97508366,,
179,SC177,,57,Female,89004005,,
180,SC178,,22,Male,77015244,,
181,SC179,,34,Male,28928942,,
182,SC180,,66,Female,18056914,,
183,SC181,,35,Female,45219090,,
184,SC182,,32,Male,87189211,,
185,SC183,,54,Female,33384308,,
186,SC184,,70,Male,72295953,,
187,SC185,,61,Female,81074315,,
188,SC186,,68,Male,72205052,,
189,SC187,,47,Female,39711903,,
190,SC188,,56,Male,50428742,,
191,SC189,,60,Male,49066412,,
192,SC190,,67,Male,65226654,,
193,SC191,,60,Female,72644367,,
194,SC192,,64,Male,42663913,,
195,SC193,,66,Female,72454882,,
196,SC194,,45,Male,44209264,,
197,SC195,,20,Female,33911770,,
198,SC196,,39,Male,86784907,,
199,SC197,,32,Female,12609254,,
200,SC198,,23,Male,63123749,,
201,SC199,,40,Male,95489420,,
202,SC200,,26,Male,61313571,,
203,SC201,,55,Female,89955295,,
204,SC202,,27,Female,38909355,,
205,SC203,,50,Male,35659221,,
206,SC204,,65,Female,14318254,,
207,SC205,,62,Male,12558167,,
208,SC206,,32,Female,36583650,,
209,SC207,,65,Male,58674323,,
210,SC208,,42,Male,74974492,,
211,SC209,,32,Female,61467711,,
212,SC210,,45,Female,76060961,,
213,SC211,,53,Male,43992058,,
214,SC212,,48,Male,55969937,,
215,SC213,,58,Female,21725297,,
216,SC214,,46,Male,13149606,,
217,SC215,,46,Male,79253121,,
218,SC216,,67,Male,30796264,,
219,SC217,,33,Female,11006083,,
220,SC218,,23,Male,59816998,,
221,SC219,,63,Female,14589455,,
222,SC220,,33,Male,78432075,,
223,SC221,,60,Female,90836471,,
224,SC222,,52,Male,20525755,,
225,SC223,,32,Female,25992545,,
226,SC224,,56,Male,81487483,,
227,SC225,,49,Male,16044493,,
228,SC226,,70,Male,49706062,,
229,SC227,,64,Female,24156839,,
230,SC228,,36,Female,95640331,,
231,SC229,,40,Male,74825714,,
232,SC230,,43,Female,90337045,,
236,AppleTest,xx,36,Male,84899527,,
237,GoogleTesting,Jane Doe,53,Female,39865337,,
240,Admin,eTrip Admin,66,Male,48462171,,
241,joelle,JoeOUS,31,Male,57553088,,
242,Admin2,eTRIP Admin 2,50,Male,63559013,,
243,sc014,Alvin Lim,40,Female,24476868,,